<?xml version="1.0" ?>  
    
<ws1:WPForerpinventoryvw xmlns:ws1="http://emws50.WPForerpinventoryvw/jaxb/WPForerpinventoryvw" >  
<ListAllerpinventoryvw>  
    <Erpinventoryvw> 
        <ErpinventoryvwRecords> 
            <ErpinventoryvwRec> 
                <ErpinventoryvwFlds> 
                <Invid>1234</Invid> 
                <Productid>1234</Productid> 
                <Productname>ABCD_string</Productname> 
                <Invdate>2006-06-01-05:30</Invdate> 
                <Invqty>1234</Invqty> 
                <Invminqty>1234</Invminqty> 
                <Invcost>1234.56</Invcost> 
                <Invlocation>ABCD_string</Invlocation> 
                </ErpinventoryvwFlds> 
                <RecInfo> 
                    <SrlNo>1</SrlNo> 
                    <RecNo>10010</RecNo> 
                    <UserId>DEMO</UserId> 
                    <DataGrp>DEMO</DataGrp> 
                    <AppUser>DEMO</AppUser> 
                    <Created>2006-06-01T14:10:00-05:30</Created> 
                    <CreatedBy>DEMO</CreatedBy> 
                    <Updated>2006-06-01T14:10:00-05:30</Updated> 
                    <UpdatedBy>DEMO</UpdatedBy> 
                    <Perm></Perm> 
                </RecInfo> 
            </ErpinventoryvwRec> 
        </ErpinventoryvwRecords> 
    </Erpinventoryvw> 
    <WpInfo> 
        <WpStatus>1</WpStatus> 
        <WpMessage></WpMessage> 
        <WpError></WpError> 
        <WpErrorInfo></WpErrorInfo> 
        <WpRecords>1</WpRecords> 
        <WpSrlNo>1</WpSrlNo> 
        <WpRecNo>10010</WpRecNo> 
    </WpInfo> 
</ListAllerpinventoryvw>  
<Queryerpinventoryvw>  
    <Erpinventoryvw> 
        <ErpinventoryvwRecords> 
            <ErpinventoryvwRec> 
                <ErpinventoryvwFlds> 
                <Invid>1234</Invid> 
                <Productid>1234</Productid> 
                <Productname>ABCD_string</Productname> 
                <Invdate>2006-06-01-05:30</Invdate> 
                <Invqty>1234</Invqty> 
                <Invminqty>1234</Invminqty> 
                <Invcost>1234.56</Invcost> 
                <Invlocation>ABCD_string</Invlocation> 
                </ErpinventoryvwFlds> 
                <RecInfo> 
                    <SrlNo>1</SrlNo> 
                    <RecNo>10010</RecNo> 
                    <UserId>DEMO</UserId> 
                    <DataGrp>DEMO</DataGrp> 
                    <AppUser>DEMO</AppUser> 
                    <Created>2006-06-01T14:10:00-05:30</Created> 
                    <CreatedBy>DEMO</CreatedBy> 
                    <Updated>2006-06-01T14:10:00-05:30</Updated> 
                    <UpdatedBy>DEMO</UpdatedBy> 
                    <Perm></Perm> 
                </RecInfo> 
            </ErpinventoryvwRec> 
        </ErpinventoryvwRecords> 
    </Erpinventoryvw> 
    <WpInfo> 
        <WpStatus>1</WpStatus> 
        <WpMessage></WpMessage> 
        <WpError></WpError> 
        <WpErrorInfo></WpErrorInfo> 
        <WpRecords>1</WpRecords> 
        <WpSrlNo>1</WpSrlNo> 
        <WpRecNo>10010</WpRecNo> 
    </WpInfo> 
</Queryerpinventoryvw>  
<AddToerpinventoryvw>  
    <Erpinventoryvw> 
        <ErpinventoryvwRecords> 
            <ErpinventoryvwRec> 
                <ErpinventoryvwFlds> 
                <Invid>1234</Invid> 
                <Productid>1234</Productid> 
                <Productname>ABCD_string</Productname> 
                <Invdate>2006-06-01-05:30</Invdate> 
                <Invqty>1234</Invqty> 
                <Invminqty>1234</Invminqty> 
                <Invcost>1234.56</Invcost> 
                <Invlocation>ABCD_string</Invlocation> 
                </ErpinventoryvwFlds> 
                <RecInfo> 
                    <SrlNo>1</SrlNo> 
                    <RecNo>10010</RecNo> 
                    <UserId>DEMO</UserId> 
                    <DataGrp>DEMO</DataGrp> 
                    <AppUser>DEMO</AppUser> 
                    <Created>2006-06-01T14:10:00-05:30</Created> 
                    <CreatedBy>DEMO</CreatedBy> 
                    <Updated>2006-06-01T14:10:00-05:30</Updated> 
                    <UpdatedBy>DEMO</UpdatedBy> 
                    <Perm></Perm> 
                </RecInfo> 
            </ErpinventoryvwRec> 
        </ErpinventoryvwRecords> 
    </Erpinventoryvw> 
    <WpInfo> 
        <WpStatus>1</WpStatus> 
        <WpMessage></WpMessage> 
        <WpError></WpError> 
        <WpErrorInfo></WpErrorInfo> 
        <WpRecords>1</WpRecords> 
        <WpSrlNo>1</WpSrlNo> 
        <WpRecNo>10010</WpRecNo> 
    </WpInfo> 
</AddToerpinventoryvw>  
<EditRecorderpinventoryvw>  
    <Erpinventoryvw> 
        <ErpinventoryvwRecords> 
            <ErpinventoryvwRec> 
                <ErpinventoryvwFlds> 
                <Invid>1234</Invid> 
                <Productid>1234</Productid> 
                <Productname>ABCD_string</Productname> 
                <Invdate>2006-06-01-05:30</Invdate> 
                <Invqty>1234</Invqty> 
                <Invminqty>1234</Invminqty> 
                <Invcost>1234.56</Invcost> 
                <Invlocation>ABCD_string</Invlocation> 
                </ErpinventoryvwFlds> 
                <RecInfo> 
                    <SrlNo>1</SrlNo> 
                    <RecNo>10010</RecNo> 
                    <UserId>DEMO</UserId> 
                    <DataGrp>DEMO</DataGrp> 
                    <AppUser>DEMO</AppUser> 
                    <Created>2006-06-01T14:10:00-05:30</Created> 
                    <CreatedBy>DEMO</CreatedBy> 
                    <Updated>2006-06-01T14:10:00-05:30</Updated> 
                    <UpdatedBy>DEMO</UpdatedBy> 
                    <Perm></Perm> 
                </RecInfo> 
            </ErpinventoryvwRec> 
        </ErpinventoryvwRecords> 
    </Erpinventoryvw> 
    <WpInfo> 
        <WpStatus>1</WpStatus> 
        <WpMessage></WpMessage> 
        <WpError></WpError> 
        <WpErrorInfo></WpErrorInfo> 
        <WpRecords>1</WpRecords> 
        <WpSrlNo>1</WpSrlNo> 
        <WpRecNo>10010</WpRecNo> 
    </WpInfo> 
</EditRecorderpinventoryvw>  
    
    
</ws1:WPForerpinventoryvw>  
    
